{
  "runtime_hours": 0.11464200990238113,
  "vibration_level": 0.004605945730460929,
  "temperature": 0.01779452171002246,
  "pressure": 0.026209999114853635,
  "equipment_age_days": 0.06421757915245925,
  "model_age_years": 0.08044340014673694,
  "runtime_intensity": 0.022751751688189676,
  "maintenance_frequency": 0.030184954617967566,
  "temp_pressure_stress": 0.021002270605864206,
  "temp_pressure_ratio": 0.019126450599588497,
  "high_temperature_flag": 0.009601349711956648,
  "high_pressure_flag": 0.08170025989712874,
  "thermal_stress": 0.04606621121617725,
  "temp_per_runtime": 0.02065944841467606,
  "pressure_per_runtime": 0.013993902958313396,
  "asset_type_Centrifugal Pump": 0.041833404397540803,
  "asset_type_Control Valve": 0.01066266470726359,
  "asset_type_Induction Motor": 0.013587211914126318,
  "asset_type_Shell & Tube Exchanger": 0.0026230409177890003,
  "asset_type_Pressure Vessel": 0.0020859811311514055,
  "asset_type_Transformer": 0.005227472651059058,
  "model_status_Active": 0.06858788944446607,
  "model_status_Limited Support": 0.023920556222618822,
  "model_status_Obsolete": 0.23179332749915965,
  "asset_family_freq": 0.026678395648048928
}